riderName, position, points, sponsors, age, nationality, stance, height, residence, resort, website, facebook, twitter, nationality_full  
Jamie Anderson,  1,  833.33, , 30, USA, Regular, 5in.3, South Lake Tahoe, Sierra at Tahoe, , , , United States, , , , 
Julia Marino,  2,  794.7, Burton Snowboards | Dragon | Mountain Dew | Stamina Pro | , 23, USA, Goofy, 5ft.5in., Westport, Breck, instagram:  _juliamarino, www.facebook.com/Jules-Marino-700692926636800/, , United States, , , , 
Laurie Blouin,  3,  760.91,  | , 24, CAN, Goofy, 5|4 Feet, Stoneham, Stoneham, , https://www.facebook.com/laurie.blouin, , Canada, , , , 
Katie Ormerod,  4,  667.22, Red Bull | Roxy | Worm App | , 23, GBR, Goofy, 5ft.3, Brighouse, Castleford SNO!zone, , katieormeroduk, www.twitter.com/@OrmerodKatie, United Kingdom, , , , 
Isabel Derungs,  5,  612.27, Adidas Eyewear | Ride Snowboards | , 33, SUI, Regular, 170, Zürich, , , https://www.facebook.com/Isabel-Derungs-623528247710003/, , Switzerland, , , , 
Jasmine Baird,  6,  591.58, , 21, CAN, , , , , , , , Canada, , , , 
Melissa Peperkamp,  7,  554.27, , , NED, , , , , , , , NED, , , , 
Hanne Kjoll Eilertsen,  8,  538.92, , 21, NOR, Regular, , Voyenenga, , , , , Norway, , , , 
Sommer Gendron,  9,  522.78, Burton Snowboards | Swatch | , 19, CAN, , , , , , , , Canada, , , , 
Brooke Voigt,  10,  521.85, 32 Snowboard Boots | Dragon | , 26, CAN, Goofy, 5ft. 7in., Fort McMurray, Vista Ridge| Fort McMurray AB, Brookevoigt.com, , , Canada, , , , 
Evy Poppe,  11,  516.45, , 16, BEL, Regular, , , , , , , Belgium, , , , 
Annika Morgan,  12,  511.78, Gnu | Roxy | , 18, GER, Goofy, , , Stubai, , , , Germany, , , , 
Hailey Langland,  13,  504.68, Burton Snowboards | Rockstar | US Snowboarding | , 20, USA, Regular, , , , , , , United States, , , , 
Zoi Sadowski Synnott,  14,  501.78, , 19, NZL, , , , , , , , New Zealand, , , , 
Silje Norendal,  15,  501.56,  | , 27, NOR, Regular, 167cm, Oslo, kongsberg ski-center, , https://www.facebook.com/SiljeNorendal?fref=ts, www.twitter.com/siljenorendal, Norway, , , , 
Rina Yoshika,  16,  500, , 21, JPN, Goofy, , Ichinomiya-Shi, , , , , Japan, , , , 
Lucile Lefevre,  17,  499.59, Giro | Rip Curl | Rome | , 24, FRA, Regular, , Embrun, Risoul, https://www.facebook.com/lucilelefevre.snowboard/, https://www.facebook.com/lucilelefevre.snowboard/, , France, , , , 
Hinari Asanuma,  18,  499.25, , , JPN, , , , , , , , Japan, , , , 
Kokomo Murase,  19,  490.43, , 15, JPN, , , , , , , , Japan, , , , 
Ty Schnorrbusch,  20,  482.88, , , USA, , , , , , , , United States, , , , 
Anna Gasser,  21,  482.23, Anon Optics | Burton Snowboards | Red Bull | , 28, AUT, Regular, 5ft.6, Millstatt, , , , , Austria, , , , 
Enni Rukajärvi,  22,  469.08, Giro | Vans | , 30, FIN, Regular, , Kuusamo, Ruka, , Enni Rukajärvi, www.twitter.com/ennirukajarvi, Finland, , , , 
Tina Steffensen,  23,  446.85, Giro | , 19, NOR, Goofy, , , , , , , Norway, , , , 
Chihiro Edamatsu,  24,  441.4, , , JPN, , , , , , , , Japan, , , , 
Loranne Smans,  25,  438.54, Anon Optics | Burton Snowboards | , 22, BEL, Goofy, , Mol, , , , , Belgium, , , , 
Juliette Pelchat,  26,  429.5, , , CAN, , , , , , , , Canada, , , , 
Bianca Gisler,  27,  415.37, , 17, SUI, , , , , , , , Switzerland, , , , 
Addison Gardner,  28,  403.47, , , USA, , , , , , , , United States, , , , 
Baily McDonald,  29,  402.5, Roxy | Smith | , 22, CAN, Regular, 5ft.2in., , , , , , Canada, , , , 
Eveliina Taka,  30,  400.97, , , FIN, , , , , , , , Finland, , , , 
Yuka Fujimori,  31,  399.57, Burton Snowboards | GALLIUM | , 34, JPN, Regular, , ???, , , , , Japan, , , , 
Kanami Okuyama,  32,  374.33, , , JPN, , , , , , , , Japan, , , , 
Isabella Gomez,  33,  372.95, , , USA, , , , , , , , United States, , , , 
Hikari Yoshizawa,  34,  372.33, , 17, JPN, , , Fujisawa City Kanagawa Pref., , , , , Japan, , , , 
Courtney Rummel,  35,  347.07, , , USA, , , , , , , , United States, , , , 
Thea Moa Larsen,  36,  338.15, , 19, NOR, , , , , , , , Norway, , , , 
Sarka Pancochova,  37,  338.06, Flow | Level | Red Bull | Volcom | Zeal Optics | , 29, CZE, Regular, 162, Uh.Brod, Morava picho, , , , Czech Republic, , , , 
Lena Müller,  38,  333.67, , 17, SUI, , , , , , , , Switzerland, , , , 
Emma Lantos,  39,  333.33, , , AUT, , , , , , , , Austria, , , , 
Jackie Carlson,  40,  329.9, , , CAN, , , , , , , , Canada, , , , 
Ekaterina Kosova,  41,  327.47,  | , 24, RUS, Goofy, , Moscow, , , , , Russian Federation, , , , 
Carola Niemela,  42,  324.79, BRP | Koneliike Korteniemi | Lappsetgroup | Salomon | , 21, FIN, , , , , , , , Finland, , , , 
Lia-Mara Bosch,  43,  323.23, Drake | Level | Northwave | Protest | Smith | , 26, SUI, Goofy, , Alikon, , www.liamaraboesch.com, https://www.facebook.com/Lia-Mara-Bösch-867730613257719/, , Switzerland, , , , 
Mona Danuser,  44,  322.08, , , SUI, , , , , , , , Switzerland, , , , 
Lucie Silvestre,  45,  320.52, , , FRA, , , , , , , , France, , , , 
Yui Kotani,  46,  315.12, , , JPN, , , , , , , , Japan, , , , 
Karoliina Vuorivirta,  47,  313.03, , , FIN, , , , , , , , Finland, , , , 
Miyabi Onitsuka,  48,  311.79, Anon Optics | Burton Snowboards | Red Bull | , 22, JPN, Regular, -, Kumamoto-City, Alts Bandai| JPN, , , , Japan, , , , 
Stine Espeli Olsen,  49,  308.08, , , NOR, , , , , , , , Norway, , , , 
Meila Stalker,  50,  303.45, , , AUS, , , , , , , , Australia, , , , 
Thalie Larochaix,  51,  303.4, Roxy | , 21, FRA, Regular, 1m58, , St Martin de Belleville, , , , , , , , 
Amber Fennell,  52,  301.37, Never Summer | , 13, GBR, Regular, , , , , , , , , , , 
Hollie Smith,  53,  300.21, , , GBR, , , , , , , , , , , , 
Maggie Crompton,  54,  296.57, , , CAN, , , , , , , , , , , , 
Cheryl Maas,  55,  294.32, Celtek | Nixon | Rockstar | Vans | , 36, NED, Goofy, 174 cm, Oslo, Oslo| Tryvan, cherylmaas, cheryl maas, www.twitter.com/cheryl maas, , , , , 
Ge Rong,  56,  293.42, , , CHN, , , , , , , , , , , , 
Sina Candrian,  57,  292.96, Giro | Head | Neff | , 31, SUI, Goofy, , Flims, Laax, WWW.SINACANDRIAN.CH, Sina Candrian, www.twitter.com/Sina Candrian, , , , , 
Reira Iwabuchi,  58,  290.01, , 18, JPN, , , , , , , , , , , , 
Jade Thurgood,  59,  288.61, , , USA, , , , , , , , , , , , 
Nadja Flemming,  60,  284.61, Burton Snowboards | Nikita | Shred | , 24, GER, Regular, , Röhrmoos, , , , , , , , , 
Kaitlyn Adams,  61,  280.94, Arbor Snowboards | Phunkshun Wear | ROCKWELL Time | , 15, USA, Regular, , Springfield, , , , , , , , , 
Marie Kreisingerova,  62,  278.36, , , CZE, , , , , , , , , , , , 
Kamilla Kozuback,  63,  275.9, , 16, CAN, , , , , , , , , , , , 
Veera Immonen,  64,  272.32, , , FIN, , , , , , , , , , , , 
Bettina Roll,  65,  269.05, , , NOR, , , , , , , , , , , , 
Terra Traub,  66,  266.32, , , TPE, , , , , , , , , , , , 
Andie Gendron,  67,  263.6, , 17, CAN, , , , , , , , , , , , 
Cool Wakushima,  68,  259.18, , , NZL, , , , , , , , , , , , 
Babet Bischof,  69,  258.06, , 20, SUI, Regular, , Chur, Davos| switzerland, , , , , , , , 
Heli Bockhorni,  70,  257.6, , , GER, , , , , , , , , , , , 
Marie Hahnl,  71,  256.28, , , GER, , , , , , , , , , , , 
Laura Zaveska,  72,  255.57, Anon Optics | Burton Snowboards | , 13, CZE, Regular, , , , , , , , , , , 
Danielle Weiler,  73,  254.01, , , USA, , , , , , , , , , , , 
Vanessa Volopichova,  74,  252.03, , , CZE, , , , , , , , , , , , 
Ella Sorensen,  75,  248.57, , , USA, , , , , , , , , , , , 
Klaudia Medlova,  76,  248.2, , 26, SVK, Regular, , Liptovsky Mikulas, , , , , , , , , 
Silvia Mittermüller,  77,  245.63, Breckenridge Resort | Planet Sports | Purl | Ride Snowboards | Vans | , 37, GER, Goofy, 167cm, München, Breckenridge| CO| USA, www.silviamittermuller.com, https://www.facebook.com/pages/Silvia-Mitterm%C3%BCller/184129604995477?ref=hl, www.twitter.com/SilviaMittermul, , , , , 
Acacia Rose,  78,  243.94, , , NOR, , , , , , , , , , , , 
Mia Brookes,  79,  238.29, Burton Snowboards | , 13, GBR, , , , , , , , , , , , 
Livia Tanno,  80,  237.62, , 18, SUI, Regular, , , , , , , , , , , 
Nikita Goryachev,  81,  237.53, , , RUS, , , , , , , , , , , , 
Alyssa Moroco,  82,  234.57, , , USA, , , , , , , , , , , , 
Tess Coady,  83,  233.33, Salomon | , 19, AUS, Regular, , St Kilda, , , , , , , , , 
Yuuri Yoshika,  84,  233.15, , 24, JPN, Regular, , Ichinomiya-Shi, , , , , , , , , 
Live Kampesaether,  85,  232.53, , , NOR, , , , , , , , , , , , 
Rori Avelar,  86,  232.25, , , USA, , , , , , , , , , , , 
Carla Somaini,  87,  232.05, FLUX BINDINGS | Level | Sims | Smith | , 29, SUI, Goofy, 166 cm, Zürich, Laax, , , , , , , , 
Laura Hahnl,  88,  230.24, , , GER, , , , , , , , , , , , 
Maria Mylius,  89,  228.76, , , NOR, , , , , , , , , , , , 
Eva Hanicova,  90,  225.99, , , SVK, , , , , , , , , , , , 
Brooke D’Hondt,  91,  217.68, , 15, CAN, , , , , , , , , , , , 
Novalie Engholm,  92,  214.25, , , SWE, , , , , , , , , , , , 
Manola Plur De La Rosa,  93,  211.15, , 14, GER, , , , , , , , , , , , 
Kokona Sakakibara,  94,  210.64, , , JPN, , , , , , , , , , , , 
Makayla Kellogg,  95,  208.24, , 18, USA, , , South Lake Tahoe, , , , , , , , , 
Enni Saarela,  96,  204.93, , , FIN, , , , , , , , , , , , 
Sweeney Marguerite,  97,  202.04, , , CAN, , , , , , , , , , , , 
Ayano Nakagawa,  98,  199.87, , , JPN, , , , , , , , , , , , 
Spencer O’Brien,  99,  198.14, Clast | Dragon | Nike | Nixon | Rockstar | , 32, CAN, Regular, 5ft.7in., Vancouver, WHISTLER| BC, www.spencerobrien.com, https://www.facebook.com/Spencer-OBrien-219537448056496/, www.twitter.com/@spencerobrien, , , , , 
Veda Hallen,  100,  197.38, , , USA, , , , , , , , , , , , 
Thalie Larochaix,  51,  303.4, Roxy | , 21, FRA, Regular, 1m58, , St Martin de Belleville, , , , France, , , , 
Amber Fennell,  52,  301.37, Never Summer | , 13, GBR, Regular, , , , , , , United Kingdom, , , , 
Hollie Smith,  53,  300.21, , , GBR, , , , , , , , United Kingdom, , , , 
Maggie Crompton,  54,  296.57, , , CAN, , , , , , , , Canada, , , , 
Cheryl Maas,  55,  294.32, Celtek | Nixon | Rockstar | Vans | , 36, NED, Goofy, 174 cm, Oslo, Oslo| Tryvan, cherylmaas, cheryl maas, www.twitter.com/cheryl maas, NED, , , , 
Ge Rong,  56,  293.42, , , CHN, , , , , , , , China, , , , 
Sina Candrian,  57,  292.96, Giro | Head | Neff | , 31, SUI, Goofy, , Flims, Laax, WWW.SINACANDRIAN.CH, Sina Candrian, www.twitter.com/Sina Candrian, Switzerland, , , , 
Reira Iwabuchi,  58,  290.01, , 18, JPN, , , , , , , , Japan, , , , 
Jade Thurgood,  59,  288.61, , , USA, , , , , , , , United States, , , , 
Nadja Flemming,  60,  284.61, Burton Snowboards | Nikita | Shred | , 24, GER, Regular, , Röhrmoos, , , , , Germany, , , , 
Kaitlyn Adams,  61,  280.94, Arbor Snowboards | Phunkshun Wear | ROCKWELL Time | , 15, USA, Regular, , Springfield, , , , , United States, , , , 
Marie Kreisingerova,  62,  278.36, , , CZE, , , , , , , , Czech Republic, , , , 
Kamilla Kozuback,  63,  275.9, , 16, CAN, , , , , , , , Canada, , , , 
Veera Immonen,  64,  272.32, , , FIN, , , , , , , , Finland, , , , 
Bettina Roll,  65,  269.05, , , NOR, , , , , , , , Norway, , , , 
Terra Traub,  66,  266.32, , , TPE, , , , , , , , , , , , 
Andie Gendron,  67,  263.6, , 17, CAN, , , , , , , , Canada, , , , 
Cool Wakushima,  68,  259.18, , , NZL, , , , , , , , New Zealand, , , , 
Babet Bischof,  69,  258.06, , 20, SUI, Regular, , Chur, Davos| switzerland, , , , Switzerland, , , , 
Heli Bockhorni,  70,  257.6, , , GER, , , , , , , , Germany, , , , 
Marie Hahnl,  71,  256.28, , , GER, , , , , , , , Germany, , , , 
Laura Zaveska,  72,  255.57, Anon Optics | Burton Snowboards | , 13, CZE, Regular, , , , , , , Czech Republic, , , , 
Danielle Weiler,  73,  254.01, , , USA, , , , , , , , United States, , , , 
Vanessa Volopichova,  74,  252.03, , , CZE, , , , , , , , Czech Republic, , , , 
Ella Sorensen,  75,  248.57, , , USA, , , , , , , , United States, , , , 
Klaudia Medlova,  76,  248.2, , 26, SVK, Regular, , Liptovsky Mikulas, , , , , Slovakia, , , , 
Silvia Mittermüller,  77,  245.63, Breckenridge Resort | Planet Sports | Purl | Ride Snowboards | Vans | , 37, GER, Goofy, 167cm, München, Breckenridge| CO| USA, www.silviamittermuller.com, https://www.facebook.com/pages/Silvia-Mitterm%C3%BCller/184129604995477?ref=hl, www.twitter.com/SilviaMittermul, Germany, , , , 
Acacia Rose,  78,  243.94, , , NOR, , , , , , , , Norway, , , , 
Mia Brookes,  79,  238.29, Burton Snowboards | , 13, GBR, , , , , , , , United Kingdom, , , , 
Livia Tanno,  80,  237.62, , 18, SUI, Regular, , , , , , , Switzerland, , , , 
Nikita Goryachev,  81,  237.53, , , RUS, , , , , , , , Russian Federation, , , , 
Alyssa Moroco,  82,  234.57, , , USA, , , , , , , , United States, , , , 
Tess Coady,  83,  233.33, Salomon | , 19, AUS, Regular, , St Kilda, , , , , Australia, , , , 
Yuuri Yoshika,  84,  233.15, , 24, JPN, Regular, , Ichinomiya-Shi, , , , , Japan, , , , 
Live Kampesaether,  85,  232.53, , , NOR, , , , , , , , Norway, , , , 
Rori Avelar,  86,  232.25, , , USA, , , , , , , , United States, , , , 
Carla Somaini,  87,  232.05, FLUX BINDINGS | Level | Sims | Smith | , 29, SUI, Goofy, 166 cm, Zürich, Laax, , , , Switzerland, , , , 
Laura Hahnl,  88,  230.24, , , GER, , , , , , , , Germany, , , , 
Maria Mylius,  89,  228.76, , , NOR, , , , , , , , Norway, , , , 
Eva Hanicova,  90,  225.99, , , SVK, , , , , , , , Slovakia, , , , 
Brooke D’Hondt,  91,  217.68, , 15, CAN, , , , , , , , Canada, , , , 
Novalie Engholm,  92,  214.25, , , SWE, , , , , , , , Sweden, , , , 
Manola Plur De La Rosa,  93,  211.15, , 14, GER, , , , , , , , Germany, , , , 
Kokona Sakakibara,  94,  210.64, , , JPN, , , , , , , , Japan, , , , 
Makayla Kellogg,  95,  208.24, , 18, USA, , , South Lake Tahoe, , , , , United States, , , , 
Enni Saarela,  96,  204.93, , , FIN, , , , , , , , Finland, , , , 
Sweeney Marguerite,  97,  202.04, , , CAN, , , , , , , , Canada, , , , 
Ayano Nakagawa,  98,  199.87, , , JPN, , , , , , , , Japan, , , , 
Spencer O’Brien,  99,  198.14, Clast | Dragon | Nike | Nixon | Rockstar | , 32, CAN, Regular, 5ft.7in., Vancouver, WHISTLER| BC, www.spencerobrien.com, https://www.facebook.com/Spencer-OBrien-219537448056496/, www.twitter.com/@spencerobrien, Canada, , , , 
Veda Hallen,  100,  197.38, , , USA, , , , , , , , United States, , , , 
Ziyan Ren,  101,  197.23, , , CHN, , , , , , , , China, , , , 
Mari Fukada,  102,  195.3, , , JPN, , , , , , , , Japan, , , , 
Kianah Hyatt,  103,  195.05, , 18, CAN, , , , , , , , Canada, , , , 
Barrett Hendrix,  104,  194.53, , , USA, , , , , , , , United States, , , , 
Junyan Guo,  105,  194.11, , , CHN, , , , , , , , China, , , , 
Noemie Equy,  106,  192.98, , , FRA, , , , , , , , France, , , , 
Williams Darcy-Jane,  107,  192.13, , , GBR, , , , , , , , United Kingdom, , , , 
Lola Cowan,  108,  191.29, , , USA, , , , , , , , United States, , , , 
Anna Tomanova,  109,  190.93, , , CZE, , , , , , , , Czech Republic, , , , 
Ella Suitiala,  110,  188.85,  | , 31, FIN, Regular, , Rovaniemi, , , , , Finland, , , , 
Philippa Steeg,  111,  187.25, , , GER, , , , , , , , Germany, , , , 
Remi Yoshida,  112,  187.01, , , JPN, , , , , , , , Japan, , , , 
Shania Colsters,  113,  186.69, , , NED, , , , , , , , NED, , , , 
Luca Mai Lane Hopkins,  114,  185.99, CARDIFF SKI & SNOWBOARD CENTER | , 17, GBR, Regular, , , , , , , United Kingdom, , , , 
Marilu Poluzzi,  115,  184.41, , , ITA, , , , , , , , Italy, , , , 
Shirly Kolodziej,  116,  182.85, , , SUI, , , , , , , , Switzerland, , , , 
Ida Roisonen,  117,  182.75, , , FIN, , , , , , , , Finland, , , , 
Antonia Yanez,  118,  179.81, , 21, CHI, , , , , , , , CHI, , , , 
Sini Lehtinen,  119,  179.33, , 20, FIN, , , , , , , , Finland, , , , 
Viktorie Zvadova,  120,  178.28, , , CZE, , , , , , , , Czech Republic, , , , 
Romy Van Vreden,  121,  173.89, , , NED, , , , , , , , NED, , , , 
Camilla Espeli Olsen,  122,  172.12, , , NOR, , , , , , , , Norway, , , , 
Napess Luna,  123,  169.35, , , CAN, , , , , , , , Canada, , , , 
Elizaveta Bogdanova,  124,  169.24, , , RUS, , , , , , , , Russian Federation, , , , 
Urska Pribosic,  125,  167.8, Amplifi | Flow | , 30, SLO, Regular, , Bled, Vogel, https://www.instagram.com/urskapribosic/, , , SLO, , , , 
Nika Kashevnik,  126,  166.85, , , RUS, , , , , , , , Russian Federation, , , , 
Lauren Derminio,  127,  166.37, , , USA, , , , , , , , United States, , , , 
Terra Traub,  128,  166.28, , , USA, , , , , , , , United States, , , , 
Stanislav Sokolov,  129,  161.89, , , RUS, , , , , , , , Russian Federation, , , , 
Kiara Morii,  130,  161.07, , , JPN, , , , , , , , Japan, , , , 
Hahna Norman,  131,  161.06, , , USA, , , , , , , , United States, , , , 
Karolina Stroh,  132,  159.45, , , GER, , , , , , , , Germany, , , , 
Maija Luurila,  133,  159.11, , , FIN, , , , , , , , Finland, , , , 
Kokomi Sano,  134,  157.84, , , JPN, , , , , , , , Japan, , , , 
Kristina Holzfeind,  135,  157.02, , , AUT, , , , , , , , Austria, , , , 
Ellie Duchow,  136,  154.32, , , USA, , , , , , , , United States, , , , 
Dongyu Li,  137,  152.95, , , CHN, , , , , , , , China, , , , 
Luan Salgueira,  138,  152.14, , 19, FRA, , , , , , , , France, , , , 
Océane Fillion,  139,  151.99, , 22, CAN, , , , , , , , Canada, , , , 
Rebecca Flynn,  140,  149.83, , , USA, , , , , , , , United States, , , , 
Andrina Salis,  141,  149.63, , , SUI, , , , , , , , Switzerland, , , , 
Milja Jaakkola,  142,  149.38, , , FIN, , , , , , , , Finland, , , , 
Jenny Kvamme,  143,  149.07, , , NOR, , , , , , , , Norway, , , , 
Elena Kostenko,  144,  146.73, Spy | VR Boardwear | , 25, RUS, Goofy, , Sankt-Peterburg, , , , , Russian Federation, , , , 
Momo Suzuki,  145,  146.55, , , JPN, , , , , , , , Japan, , , , 
Anastasia Loginova,  146,  144.62, , , RUS, , , , , , , , Russian Federation, , , , 
Kiara Zung,  147,  144.07, , , AUT, , , , , , , , Austria, , , , 
Ryou Kimura,  148,  142.75, , , JPN, , , , , , , , Japan, , , , 
Kristyna Leony Kulik,  149,  140.8, , , CZE, , , , , , , , Czech Republic, , , , 
Suzuha Maeda,  150,  140.72, , , JPN, , , , , , , , Japan, , , , 
Telma Saerkipaju,  151,  140.49, , , FIN, , , , , , , , Finland, , , , 
Eve Dowley,  152,  138.45, , , AUS, , , , , , , , Australia, , , , 
Bailey Birkkjaer,  153,  137.84, , 23, CAN, , , , , , , , Canada, , , , 
Lea Jugovac,  154,  135.26, , 25, CRO, Regular, , , , , , , CRO, , , , 
Gale Madison,  155,  134.42, , 18, CAN, Regular, , , , , , , Canada, , , , 
Katarina Tmusic,  156,  133.33, , , SRB, , , , , , , , Serbia, , , , 
Sara Zvadova,  157,  130.63, , , CZE, , , , , , , , Czech Republic, , , , 
Rino Araya,  158,  128.48, , , JPN, , , , , , , , Japan, , , , 
Yue Zhai,  159,  127.53, , , CHN, , , , , , , , China, , , , 
Yuuna Komuro,  160,  125.95, , 19, JPN, , , , , , , , Japan, , , , 
Ada Harinen,  161,  125.47, , , FIN, , , , , , , , Finland, , , , 
Ava Cook,  162,  125.18, , , CAN, , , , , , , , Canada, , , , 
Jelena Ignjatov,  163,  124.7, , 25, SRB, , , , , , , , Serbia, , , , 
Mia Grempel,  164,  122.66, , , GER, , , , , , , , Germany, , , , 
Mao Aizawa,  165,  121.61, , , JPN, , , , , , , , Japan, , , , 
Alina Cospolich,  166,  121.5, Bern Unlimited | , 14, USA, , , , , , , , United States, , , , 
Emilie Evensen,  167,  121.08, Bataleon | Rip Curl | , 33, NOR, Regular, , Oslo, Varingskollen| Norway, www.ripcurl.com, , , Norway, , , , 
Lucia Plur De La Rosa,  168,  120.94, , 15, GER, , , , , , , , Germany, , , , 
Tong Zhang,  169,  120.89, , , CHN, , , , , , , , China, , , , 
Tina Hjalland,  170,  119.26, , , NOR, , , , , , , , Norway, , , , 
Molly Phillips,  171,  116.7, , , FRA, , , , , , , , France, , , , 
Emma Bakke,  172,  115.79, , , NOR, , , , , , , , Norway, , , , 
Emeraude Maheux,  173,  115.16, , , CAN, , , , , , , , Canada, , , , 
Ariane Burri,  174,  114.63,  | , 20, SUI, Goofy, , Eschenbach Lu, , , , , Switzerland, , , , 
Jenna Walker,  175,  113.76, , , CAN, , , , , , , , Canada, , , , 
Thea Christine Rue,  176,  112.96, , , NOR, , , , , , , , Norway, , , , 
Alexandra Chen,  177,  111.5, , , AUS, , , , , , , , Australia, , , , 
Isabelle Lötscher,  178,  108.51, , , SUI, , , , , , , , Switzerland, , , , 
Anna Lora,  179,  105.75, , 26, AUT, Regular, , , , , , , Austria, , , , 
Andrea Kristiansen Rue,  180,  105.52, , , NOR, , , , , , , , Norway, , , , 
Bella Mauro,  181,  105.03, , , USA, , , , , , , , United States, , , , 
Imari Kato,  182,  104.26, , , JPN, , , , , , , , Japan, , , , 
Nicole Nastic,  183,  102.33, , , CRO, , , , , , , , CRO, , , , 
Paulina Zaradna,  184,  101.67, , , POL, , , , , , , , Poland, , , , 
Martyna MacIejewska,  185,  100.92, , , POL, , , , , , , , Poland, , , , 
Hege Johansen,  186,  100.77, , , NOR, , , , , , , , Norway, , , , 
Asja Klacar,  187,  100, , , BIH, , , , , , , , Bosnia and Herzegovina, , , , 
Nora Cornell,  187,  100, , , ESP, , , , , , , , Spain, , , , 
Felicity Geremia,  189,  99.6, , , CAN, , , , , , , , Canada, , , , 
Olivia Benneker,  190,  97.27, , , SUI, , , , , , , , Switzerland, , , , 
Sascha Elvy,  191,  96.65, , , AUS, , , , , , , , Australia, , , , 
Niina Sakakibara,  192,  95.85, , , JPN, , , , , , , , Japan, , , , 
Angelina McCaffrey,  193,  93.83, , , CAN, , , , , , , , Canada, , , , 
Matilde Pizzutto,  194,  91.54, , , ITA, , , , , , , , Italy, , , , 
Morena Poggi Silveira,  195,  90.97, , , ARG, , , , , , , , Argentina, , , , 
Rongrong Li,  196,  89.94, , , CHN, , , , , , , , China, , , , 
Giorgia Locatin,  197,  87.96, , , ITA, , , , , , , , Italy, , , , 
Janina Walz,  198,  87.62, , 12, GER, , , , , , , , Germany, , , , 
Anine Leenderts,  199,  87.59, , 18, NOR, , , , , , , , Norway, , , , 
Yuna Scheidegger,  200,  87.45, , , SUI, , , , , , , , Switzerland, , , , 
Maria Azul Chavez Martinez,  201,  86.96, , , ARG, , , , , , , , Argentina, , , , 
Paulina Mueller,  202,  86.42, , , GER, , , , , , , , Germany, , , , 
Futaba Takizawa,  203,  85.97, , , JPN, , , , , , , , Japan, , , , 
Cerys Allen,  204,  85.7, Never Summer | Pow Gloves | Westbeach | , 20, GBR, Goofy, 4ft.6, Buckingham, The Snow centre Hemel, www.cerysallen.co.uk, cerysallen, , United Kingdom, , , , 
Rongxi Jin,  205,  84.98, , , CHN, , , , , , , , China, , , , 
Anna Kamilla Hlynsdottir,  206,  84.33, , , ISL, , , , , , , , Iceland, , , , 
Rose Desjardins,  207,  82.56, , , CAN, , , , , , , , Canada, , , , 
Emma Gennero,  208,  82.04, , , ITA, , , , , , , , Italy, , , , 
Hanon Tsuchiya,  209,  81.94, , , JPN, , , , , , , , Japan, , , , 
Kaiya Collins,  210,  81.6, , , NZL, , , , , , , , New Zealand, , , , 
Ronja Haensel,  211,  81.28, , , AUT, , , , , , , , Austria, , , , 
 CorneliaOsther, 212, 80.71, , 
, NOR, , , , , , , , Norway, , , , 
Heta Heinonen,  213,  80.66, , , FIN, , , , , , , , Finland, , , , 
Sky Remans,  214,  80.23, , , BEL, , , , , , , , Belgium, , , , 
Jasmin Kaikuranta,  215,  79.21, , , FIN, , , , , , , , Finland, , , , 
Aroa Da Silva,  216,  78.89, , , ESP, , , , , , , , Spain, , , , 
Maisie Hill,  217,  78.58, , 19, GBR, , , , , , , , United Kingdom, , , , 
Olga Martinelli,  218,  77.98, , , ITA, , , , , , , , Italy, , , , 
Elena Schipani,  219,  77.74, , , USA, , , , , , , , United States, , , , 
Dana Peck,  220,  77.52, , , USA, , , , , , , , United States, , , , 
Bergdis Steinthorsdottir,  221,  77.03, , , ISL, , , , , , , , Iceland, , , , 
Tereza Sebkova,  222,  76.03, , , CZE, , , , , , , , Czech Republic, , , , 
Leonie Hasler,  223,  75.9, , , SUI, , , , , , , , Switzerland, , , , 
Ilvy Paul,  224,  75.87, , , AUT, , , , , , , , Austria, , , , 
Saya Maekawa,  225,  75.66, , , JPN, , , , , , , , Japan, , , , 
Anna Chymcakova,  226,  75.26, , , CZE, , , , , , , , Czech Republic, , , , 
Riley Boland,  227,  74.97, , , CAN, , , , , , , , Canada, , , , 
Andrea Seijas Fidalgo,  228,  73.98, , , ESP, , , , , , , , Spain, , , , 
Nora Healey,  229,  73.73, POC | , 22, USA, Regular, 5ft.8in., Plymouth, Waterville Valley, , , , United States, , , , 
Summer Coumont,  230,  73.61, , , CAN, , , , , , , , Canada, , , , 
Henna Ikola,  231,  73.03, Burton Snowboards | , 22, FIN, Goofy, 150cm, Hyvinkää, Sveitsin hiihtokeskus| Hyvinkää| Finland, , , , Finland, , , , 
Viviana Oram,  232,  73.01, , , USA, , , , , , , , United States, , , , 
Kirari Utsumi,  233,  72.85, , , JPN, , , , , , , , Japan, , , , 
Marija Petkovska,  234,  71.71, , , MKD, , , , , , , , Macedonia, The Former Yugoslav Republic of, , , , 
Emily Wright,  235,  70.08, , , CAN, , , , , , , , Canada, , , , 
Ronja Paul,  236,  69.89, , , AUT, , , , , , , , Austria, , , , 
Hinoka Kato,  237,  69.89, , , JPN, , , , , , , , Japan, , , , 
Karoline Herleiksplass,  238,  69.51, , 22, NOR, , , , , , , , Norway, , , , 
Tinkara Tanja Valcl,  239,  68.82, , , SLO, , , , , , , , SLO, , , , 
Chu Tan,  240,  68.6, , , CHN, , , , , , , , China, , , , 
Eira Dahle Stavanes,  241,  68.31, , , NOR, , , , , , , , Norway, , , , 
Eliska Merickova,  242,  68.04, , , CZE, , , , , , , , Czech Republic, , , , 
Ashyln Overland,  243,  67, , , USA, , , , , , , , United States, , , , 
Yura Murase,  244,  66.67, , , JPN, , , , , , , , Japan, , , , 
Zizheng Ren,  245,  66.32, , , CHN, , , , , , , , China, , , , 
Darina Murawskaia,  246,  65.74, , , BLR, , , , , , , , Belarus, , , , 
Nami Watanabe,  247,  64.82, , , JPN, , , , , , , , Japan, , , , 
Maria Kokushkina,  248,  64.43, , , RUS, , , , , , , , Russian Federation, , , , 
Unnur Solveig Hlynsdottir,  249,  63.83, , , ISL, , , , , , , , Iceland, , , , 
Celia Petrig,  250,  63.36,  | , 25, SUI, Goofy, , Trachslau, , , , , Switzerland, , , , 
Sam Van Lieshout,  251,  63.03, , , NED, , , , , , , , NED, , , , 
Jacquelina De Jong,  252,  62.49,  | , 14, NED, Goofy, 152, Innsbruck, Seegrube, , jackydejo, , NED, , , , 
Caroline Amalie Roegenaes,  253,  62.33, , , NOR, , , , , , , , Norway, , , , 
Krystina Moffat,  254,  61.84, , , CAN, , , , , , , , Canada, , , , 
Kureha Ito,  255,  61.38, , , JPN, , , , , , , , Japan, , , , 
Sophia Bruck,  256,  61.14, , , USA, , , , , , , , United States, , , , 
Ava Starblanket,  257,  60.23, , , CAN, , , , , , , , Canada, , , , 
Demi Van Griensven,  258,  60.16, , , NED, , , , , , , , NED, , , , 
Kailey Bogart,  259,  59.94, , , USA, , , , , , , , United States, , , , 
Ronja Oswald,  260,  59.54, , , SUI, , , , , , , , Switzerland, , , , 
Maki Kunitake,  261,  58.94, , , JPN, , , , , , , , Japan, , , , 
Eleni Arvanitidou,  262,  58.77, , , GRE, , , , , , , , GRE, , , , 
Olivie Pouch,  263,  58.39, , , CZE, , , , , , , , Czech Republic, , , , 
Maria Teresa Banados Palma,  264,  58.35, , , CHI, , , , , , , , CHI, , , , 
Avery Spalding,  265,  58.08, , , CAN, , , , , , , , Canada, , , , 
Jenny Gregori,  266,  57.13, Salomon | , 23, ITA, Goofy, , , , , , , Italy, , , , 
Adna Klacar,  266,  57.13, , , BIH, , , , , , , , Bosnia and Herzegovina, , , , 
Kaeleigh Cook,  268,  56.86, , , CAN, , , , , , , , Canada, , , , 
Emma Olejniczak,  269,  56.82, , , FRA, , , , , , , , France, , , , 
Isabella Gerry,  270,  56.78, , , USA, , , , , , , , United States, , , , 
Rion Okado,  271,  55.49, , , JPN, , , , , , , , Japan, , , , 
Lissel Raun,  272,  55.38, , , EST, , , , , , , , Estonia, , , , 
Selenata Sanchez,  273,  55.31, , , ESP, , , , , , , , Spain, , , , 
Lily Jekel,  274,  54.49, , 17, AUS, , , , , , , , Australia, , , , 
Khaila Kuoppala,  275,  54.23, , , FIN, , , , , , , , Finland, , , , 
Karen Saijo,  276,  54.15, , , JPN, , , , , , , , Japan, , , , 
Reetta Puustinen,  277,  53.76, , , FIN, , , , , , , , Finland, , , , 
Kanna Kono,  278,  52.79, , , JPN, , , , , , , , Japan, , , , 
Anna Forno,  279,  52.32, , , ITA, , , , , , , , Italy, , , , 
Tokuko Suzuki,  280,  51.99, , , JPN, , , , , , , , Japan, , , , 
Uma Pecanin,  281,  51.99, , , BIH, , , , , , , , Bosnia and Herzegovina, , , , 
Anastasiya Gorshenina,  282,  51.89, , , RUS, , , , , , , , Russian Federation, , , , 
Julia Meier,  283,  51.37, , , SUI, , , , , , , , Switzerland, , , , 
Camila Springinsfeld,  284,  50.63, , , ARG, , , , , , , , Argentina, , , , 
Lua Marie Klemm,  285,  49.79, , , GER, , , , , , , , Germany, , , , 
Natalie Good,  286,  49.78, , 30, NZL, Regular, , , , , , , New Zealand, , , , 
Ine Marie Misund,  287,  49.67, , , NOR, , , , , , , , Norway, , , , 
Rein Wada,  288,  49.03, , , JPN, , , , , , , , Japan, , , , 
Thomassen Ziggy,  289,  48.75, , , NED, , , , , , , , NED, , , , 
Aliya Hekne Herskedal,  290,  48.59, , , NOR, , , , , , , , Norway, , , , 
Madeleine Meersteiner,  291,  48.4, , , GER, , , , , , , , Germany, , , , 
Anina Heimoz,  292,  47.88, , , SUI, , , , , , , , Switzerland, , , , 
Neda Dobreska,  293,  47.8, , , MKD, , , , , , , , Macedonia, The Former Yugoslav Republic of, , , , 
Joana Fuchs,  294,  47.77, , , GER, , , , , , , , Germany, , , , 
Sophia Karrer,  295,  46.97, , , AUT, , , , , , , , Austria, , , , 
Maria Smirnova,  296,  46.69, , , RUS, , , , , , , , Russian Federation, , , , 
Yulia Proydina,  296,  46.69, , , RUS, , , , , , , , Russian Federation, , , , 
Daniek Griensven,  298,  46.39, , , NED, , , , , , , , NED, , , , 
Mette Kvaale,  299,  45.76, , , NOR, , , , , , , , Norway, , , , 
Yukino Hara,  300,  45.71, , , JPN, , , , , , , , Japan, , , , 
Angelina Milutinovich,  301,  45.48, , , SRB, , , , , , , , Serbia, , , , 
Amanda Cardone,  302,  45.04, , , CHI, , , , , , , , CHI, , , , 
Elena Grangila,  303,  44.73, , , ITA, , , , , , , , Italy, , , , 
Riria Okado,  304,  44.53, , , JPN, , , , , , , , Japan, , , , 
Ella Gorcsosova,  305,  44.52, , , SVK, , , , , , , , Slovakia, , , , 
Jule Schindler,  306,  43.77, , , GER, , , , , , , , Germany, , , , 
Hanna Nakamori,  307,  43.56, , , JPN, , , , , , , , Japan, , , , 
Nadja Nerandzic,  308,  42.83, , , SRB, , , , , , , , Serbia, , , , 
Denisa Noskova,  309,  42.45, , , CZE, , , , , , , , Czech Republic, , , , 
Josefa Arellano,  310,  42.43, , , CHI, , , , , , , , CHI, , , , 
Momoka Mikuni,  311,  42.22, , , JPN, , , , , , , , Japan, , , , 
Penelope Scott,  312,  41.91, , , USA, , , , , , , , United States, , , , 
Anna-Selina Reinalter,  313,  41.76, , , SUI, , , , , , , , Switzerland, , , , 
Beth Wilson,  314,  41.53, , 19, CAN, , , , , , , , Canada, , , , 
Laura Marzinotto,  315,  41.35, , , CAN, , , , , , , , Canada, , , , 
Melina Merkhoffer,  316,  40.84,  | , 26, GER, Regular, , Taunusstein, , , , , Germany, , , , 
Stella Larkiala,  317,  40.4, , , FIN, , , , , , , , Finland, , , , 
Yuuna Tanaka,  318,  40, , , JPN, , , , , , , , Japan, , , , 
Hanna Karrer,  319,  39.39, , , AUT, , , , , , , , Austria, , , , 
Peighton Coffey,  320,  39.32, , , USA, , , , , , , , United States, , , , 
Lura Wick,  321,  39.06, , , SUI, , , , , , , , Switzerland, , , , 
Gabby Olsen,  322,  38.92, , , CAN, , , , , , , , Canada, , , , 
Django Ewoldt,  323,  38.75, , , USA, , , , , , , , United States, , , , 
Helene Hipp,  324,  38.27, , , GER, , , , , , , , Germany, , , , 
Tianina Antyasova,  325,  37.97, , , RUS, , , , , , , , Russian Federation, , , , 
Dariya Belikova,  326,  37.75, , , RUS, , , , , , , , Russian Federation, , , , 
Margie Black,  327,  37.75, , , USA, , , , , , , , United States, , , , 
Zoë Willemsen,  327,  37.75, , , NED, , , , , , , , NED, , , , 
Mya Ghostkeeper,  329,  36.81, , , CAN, , , , , , , , Canada, , , , 
Soha Janett,  330,  36.54, , , SUI, , , , , , , , Switzerland, , , , 
Aixa Naudi,  331,  36.54, , , AND, , , , , , , , Andorra, , , , 
Pia Johnsen,  332,  36.29, , , NOR, , , , , , , , Norway, , , , 
Johanna Bachmann,  333,  35.98, , , GER, , , , , , , , Germany, , , , 
Maelis Charlec,  334,  35.8, , , FRA, , , , , , , , France, , , , 
Varvara Krasneva,  335,  35.56, , 23, CAN, , , , , , , , Canada, , , , 
Charley Solomon,  336,  35.51, , , CAN, , , , , , , , Canada, , , , 
Andjela Djogic,  337,  35.46, , , SRB, , , , , , , , Serbia, , , , 
Anna-Sofia Kokko,  338,  34.83, , , FIN, , , , , , , , Finland, , , , 
Hikaru Ogawa,  339,  34.76, , , JPN, , , , , , , , Japan, , , , 
Nerea Fernandez,  340,  34.52, , , AND, , , , , , , , Andorra, , , , 
Anouk Bietenholz,  341,  34.19, , , SUI, , , , , , , , Switzerland, , , , 
Emilie Johnsen,  342,  34.12, , , NOR, , , , , , , , Norway, , , , 
Chloe Yanow,  343,  33.65, , , CAN, , , , , , , , Canada, , , , 
Maaru Makela,  344,  33.61, , , FIN, , , , , , , , Finland, , , , 
Goda Simanaviciute,  345,  33.33, , , LTU, , , , , , , , Lithuania, , , , 
Rochelle Weinberg,  345,  33.33, , , USA, , , , , , , , United States, , , , 
Samatha Shute,  345,  33.33, , , CAN, , , , , , , , Canada, , , , 
Emma Peetz,  348,  33.13, , , GER, , , , , , , , Germany, , , , 
Zhixin Huang,  349,  32.73, , , CHN, , , , , , , , China, , , , 
MacKenzie Hanson,  350,  32.71, , , CAN, , , , , , , , Canada, , , , 
Sonora Alba,  351,  32.23, , , USA, , , , , , , , United States, , , , 
Tina Schrott,  352,  32.05, , , GER, , , , , , , , Germany, , , , 
Lilja Ros Steinsdottir,  353,  32.03, , , ISL, , , , , , , , Iceland, , , , 
Tosca Corti,  354,  31.97, , , SUI, , , , , , , , Switzerland, , , , 
Emilie Klaussen,  355,  31.95, , , NOR, , , , , , , , Norway, , , , 
Julia Lundberg,  356,  31.73, Burton Snowboards | Smith | , , SWE, Goofy, 169 cm, , , , , , Sweden, , , , 
Dakoda Eising,  357,  31.57, , , CAN, , , , , , , , Canada, , , , 
Karin Hisaoka,  358,  31.47, , , JPN, , , , , , , , Japan, , , , 
Jana Jovanovic,  359,  31.37, , , SRB, , , , , , , , Serbia, , , , 
Vildis Edwinsdottir,  360,  30.78, , , ISL, , , , , , , , Iceland, , , , 
Ingvild Nymoen,  361,  30.48, , , NOR, , , , , , , , Norway, , , , 
Nanami Honda,  362,  30.33, , , JPN, , , , , , , , Japan, , , , 
Saara Handa,  363,  29.93, , , JPN, , , , , , , , Japan, , , , 
Merlin Wyss,  364,  29.86, , , SUI, , , , , , , , Switzerland, , , , 
Gaia Vachet,  365,  29.82, , , ITA, , , , , , , , Italy, , , , 
Lily Dhawornvej,  366,  29.66, , , USA, , , , , , , , United States, , , , 
Lela Rix,  367,  29.52, , , USA, , , , , , , , United States, , , , 
Elizaveta Irhina,  368,  29.15, , , RUS, , , , , , , , Russian Federation, , , , 
Elisa Kroell,  369,  28.89, , , AUT, , , , , , , , Austria, , , , 
Eevastiina Hyry,  370,  28.79, , , FIN, , , , , , , , Finland, , , , 
Leila Viererbe,  371,  28.3, , , GER, , , , , , , , Germany, , , , 
Patricija Ivanovaite,  372,  28.14, , , LTU, , , , , , , , Lithuania, , , , 
Andi Osmond,  372,  28.14, , , CAN, , , , , , , , Canada, , , , 
Kaede Tanaka,  374,  28.07, , , JPN, , , , , , , , Japan, , , , 
Anna Lena Dürr,  375,  27.85, , , SUI, , , , , , , , Switzerland, , , , 
Kinsley White,  376,  27.62, , , USA, , , , , , , , United States, , , , 
Camille Poulat,  377,  26.88, , , FRA, , , , , , , , France, , , , 
Sol Snorradottir,  378,  26.86, , , ISL, , , , , , , , Iceland, , , , 
Rosalie Bauer,  379,  26.67, , , GER, , , , , , , , Germany, , , , 
Clara Moreau,  380,  26.53, , , FRA, , , , , , , , France, , , , 
Elle Valkenborgh,  381,  26.43, , , BEL, , , , , , , , Belgium, , , , 
Page Gordon,  382,  25.99, , , CAN, , , , , , , , Canada, , , , 
Lisa Demke,  383,  25.93, , , SUI, , , , , , , , Switzerland, , , , 
Hiroka Kitano,  384,  25.43, , , JPN, , , , , , , , Japan, , , , 
Tanja Wolf,  385,  25.09, , , AUT, , , , , , , , Austria, , , , 
Iina Saarela,  386,  24.65, , , FIN, , , , , , , , Finland, , , , 
Mak Yen-Linn,  387,  24.47, , , AUT, , , , , , , , Austria, , , , 
Risa Nakasima,  388,  24.38, Deeluxe | Union Bindings | , 2, JPN, Regular, 165, Ko-To-Ku, Breckenridge, ameblo.jp/rissa-men/, https://www.facebook.com/risa.nakashima.73, , Japan, , , , 
Eva Firnesz,  389,  24.08, , , CAN, , , , , , , , Canada, , , , 
Lynne Graf,  390,  24.07, , , SUI, , , , , , , , Switzerland, , , , 
Caitlyn Langer,  391,  24.01, , , USA, , , , , , , , United States, , , , 
Zoe MacGeorge,  392,  23.96, , , SUI, , , , , , , , Switzerland, , , , 
Nora Synnove Topp Oye,  393,  23.93, , , NOR, , , , , , , , Norway, , , , 
Neda Milenkovic,  394,  23.73, , , SRB, , , , , , , , Serbia, , , , 
Gabriella Holden,  395,  23.6, , , USA, , , , , , , , United States, , , , 
Ashley Bogart,  396,  23.43, , , USA, , , , , , , , United States, , , , 
Amy McCarthy,  397,  23.34, , , CAN, , , , , , , , Canada, , , , 
Tina Kalinovska,  397,  23.34, , , LAT, , , , , , , , LAT, , , , 
Stella Picchedda,  399,  22.88, , , FRA, , , , , , , , France, , , , 
Mila Nyvelt,  400,  22.58, , , AUT, , , , , , , , Austria, , , , 
Sonora Alba,  351,  32.23, , , USA, , , , , , , , United States, , , , 
Tina Schrott,  352,  32.05, , , GER, , , , , , , , Germany, , , , 
Lilja Ros Steinsdottir,  353,  32.03, , , ISL, , , , , , , , Iceland, , , , 
Tosca Corti,  354,  31.97, , , SUI, , , , , , , , Switzerland, , , , 
Emilie Klaussen,  355,  31.95, , , NOR, , , , , , , , Norway, , , , 
Julia Lundberg,  356,  31.73, Burton Snowboards | Smith | , , SWE, Goofy, 169 cm, , , , , , Sweden, , , , 
Dakoda Eising,  357,  31.57, , , CAN, , , , , , , , Canada, , , , 
Karin Hisaoka,  358,  31.47, , , JPN, , , , , , , , Japan, , , , 
Jana Jovanovic,  359,  31.37, , , SRB, , , , , , , , Serbia, , , , 
Vildis Edwinsdottir,  360,  30.78, , , ISL, , , , , , , , Iceland, , , , 
Ingvild Nymoen,  361,  30.48, , , NOR, , , , , , , , Norway, , , , 
Nanami Honda,  362,  30.33, , , JPN, , , , , , , , Japan, , , , 
Saara Handa,  363,  29.93, , , JPN, , , , , , , , Japan, , , , 
Merlin Wyss,  364,  29.86, , , SUI, , , , , , , , Switzerland, , , , 
Gaia Vachet,  365,  29.82, , , ITA, , , , , , , , Italy, , , , 
Lily Dhawornvej,  366,  29.66, , , USA, , , , , , , , United States, , , , 
Lela Rix,  367,  29.52, , , USA, , , , , , , , United States, , , , 
Elizaveta Irhina,  368,  29.15, , , RUS, , , , , , , , Russian Federation, , , , 
Elisa Kroell,  369,  28.89, , , AUT, , , , , , , , Austria, , , , 
Eevastiina Hyry,  370,  28.79, , , FIN, , , , , , , , Finland, , , , 
Leila Viererbe,  371,  28.3, , , GER, , , , , , , , Germany, , , , 
Patricija Ivanovaite,  372,  28.14, , , LTU, , , , , , , , Lithuania, , , , 
Andi Osmond,  372,  28.14, , , CAN, , , , , , , , Canada, , , , 
Kaede Tanaka,  374,  28.07, , , JPN, , , , , , , , Japan, , , , 
Anna Lena Dürr,  375,  27.85, , , SUI, , , , , , , , Switzerland, , , , 
Kinsley White,  376,  27.62, , , USA, , , , , , , , United States, , , , 
Camille Poulat,  377,  26.88, , , FRA, , , , , , , , France, , , , 
Sol Snorradottir,  378,  26.86, , , ISL, , , , , , , , Iceland, , , , 
Rosalie Bauer,  379,  26.67, , , GER, , , , , , , , Germany, , , , 
Clara Moreau,  380,  26.53, , , FRA, , , , , , , , France, , , , 
Elle Valkenborgh,  381,  26.43, , , BEL, , , , , , , , Belgium, , , , 
Page Gordon,  382,  25.99, , , CAN, , , , , , , , Canada, , , , 
Lisa Demke,  383,  25.93, , , SUI, , , , , , , , Switzerland, , , , 
Hiroka Kitano,  384,  25.43, , , JPN, , , , , , , , Japan, , , , 
Tanja Wolf,  385,  25.09, , , AUT, , , , , , , , Austria, , , , 
Iina Saarela,  386,  24.65, , , FIN, , , , , , , , Finland, , , , 
Mak Yen-Linn,  387,  24.47, , , AUT, , , , , , , , Austria, , , , 
Risa Nakasima,  388,  24.38, Deeluxe | Union Bindings | , 2, JPN, Regular, 165, Ko-To-Ku, Breckenridge, ameblo.jp/rissa-men/, https://www.facebook.com/risa.nakashima.73, , Japan, , , , 
Eva Firnesz,  389,  24.08, , , CAN, , , , , , , , Canada, , , , 
Lynne Graf,  390,  24.07, , , SUI, , , , , , , , Switzerland, , , , 
Caitlyn Langer,  391,  24.01, , , USA, , , , , , , , United States, , , , 
Zoe MacGeorge,  392,  23.96, , , SUI, , , , , , , , Switzerland, , , , 
Nora Synnove Topp Oye,  393,  23.93, , , NOR, , , , , , , , Norway, , , , 
Neda Milenkovic,  394,  23.73, , , SRB, , , , , , , , Serbia, , , , 
Gabriella Holden,  395,  23.6, , , USA, , , , , , , , United States, , , , 
Ashley Bogart,  396,  23.43, , , USA, , , , , , , , United States, , , , 
Amy McCarthy,  397,  23.34, , , CAN, , , , , , , , Canada, , , , 
Tina Kalinovska,  397,  23.34, , , LAT, , , , , , , , LAT, , , , 
Stella Picchedda,  399,  22.88, , , FRA, , , , , , , , France, , , , 
Mila Nyvelt,  400,  22.58, , , AUT, , , , , , , , Austria, , , , 
Sonora Alba,  351,  32.23, , , USA, , , , , , , , United States, , , , 
Tina Schrott,  352,  32.05, , , GER, , , , , , , , Germany, , , , 
Lilja Ros Steinsdottir,  353,  32.03, , , ISL, , , , , , , , Iceland, , , , 
Tosca Corti,  354,  31.97, , , SUI, , , , , , , , Switzerland, , , , 
Emilie Klaussen,  355,  31.95, , , NOR, , , , , , , , Norway, , , , 
Julia Lundberg,  356,  31.73, Burton Snowboards | Smith | , , SWE, Goofy, 169 cm, , , , , , Sweden, , , , 
Dakoda Eising,  357,  31.57, , , CAN, , , , , , , , Canada, , , , 
Karin Hisaoka,  358,  31.47, , , JPN, , , , , , , , Japan, , , , 
Jana Jovanovic,  359,  31.37, , , SRB, , , , , , , , Serbia, , , , 
Vildis Edwinsdottir,  360,  30.78, , , ISL, , , , , , , , Iceland, , , , 
Ingvild Nymoen,  361,  30.48, , , NOR, , , , , , , , Norway, , , , 
Nanami Honda,  362,  30.33, , , JPN, , , , , , , , Japan, , , , 
Saara Handa,  363,  29.93, , , JPN, , , , , , , , Japan, , , , 
Merlin Wyss,  364,  29.86, , , SUI, , , , , , , , Switzerland, , , , 
Gaia Vachet,  365,  29.82, , , ITA, , , , , , , , Italy, , , , 
Lily Dhawornvej,  366,  29.66, , , USA, , , , , , , , United States, , , , 
Lela Rix,  367,  29.52, , , USA, , , , , , , , United States, , , , 
Elizaveta Irhina,  368,  29.15, , , RUS, , , , , , , , Russian Federation, , , , 
Elisa Kroell,  369,  28.89, , , AUT, , , , , , , , Austria, , , , 
Eevastiina Hyry,  370,  28.79, , , FIN, , , , , , , , Finland, , , , 
Leila Viererbe,  371,  28.3, , , GER, , , , , , , , Germany, , , , 
Patricija Ivanovaite,  372,  28.14, , , LTU, , , , , , , , Lithuania, , , , 
Andi Osmond,  372,  28.14, , , CAN, , , , , , , , Canada, , , , 
Kaede Tanaka,  374,  28.07, , , JPN, , , , , , , , Japan, , , , 
Anna Lena Dürr,  375,  27.85, , , SUI, , , , , , , , Switzerland, , , , 
Kinsley White,  376,  27.62, , , USA, , , , , , , , United States, , , , 
Camille Poulat,  377,  26.88, , , FRA, , , , , , , , France, , , , 
Sol Snorradottir,  378,  26.86, , , ISL, , , , , , , , Iceland, , , , 
Rosalie Bauer,  379,  26.67, , , GER, , , , , , , , Germany, , , , 
Clara Moreau,  380,  26.53, , , FRA, , , , , , , , France, , , , 
Elle Valkenborgh,  381,  26.43, , , BEL, , , , , , , , Belgium, , , , 
Page Gordon,  382,  25.99, , , CAN, , , , , , , , Canada, , , , 
Lisa Demke,  383,  25.93, , , SUI, , , , , , , , Switzerland, , , , 
Hiroka Kitano,  384,  25.43, , , JPN, , , , , , , , Japan, , , , 
Tanja Wolf,  385,  25.09, , , AUT, , , , , , , , Austria, , , , 
Iina Saarela,  386,  24.65, , , FIN, , , , , , , , Finland, , , , 
Mak Yen-Linn,  387,  24.47, , , AUT, , , , , , , , Austria, , , , 
Risa Nakasima,  388,  24.38, Deeluxe | Union Bindings | , 2, JPN, Regular, 165, Ko-To-Ku, Breckenridge, ameblo.jp/rissa-men/, https://www.facebook.com/risa.nakashima.73, , Japan, , , , 
Eva Firnesz,  389,  24.08, , , CAN, , , , , , , , Canada, , , , 
Lynne Graf,  390,  24.07, , , SUI, , , , , , , , Switzerland, , , , 
Caitlyn Langer,  391,  24.01, , , USA, , , , , , , , United States, , , , 
Zoe MacGeorge,  392,  23.96, , , SUI, , , , , , , , Switzerland, , , , 
Nora Synnove Topp Oye,  393,  23.93, , , NOR, , , , , , , , Norway, , , , 
Neda Milenkovic,  394,  23.73, , , SRB, , , , , , , , Serbia, , , , 
Gabriella Holden,  395,  23.6, , , USA, , , , , , , , United States, , , , 
Ashley Bogart,  396,  23.43, , , USA, , , , , , , , United States, , , , 
Amy McCarthy,  397,  23.34, , , CAN, , , , , , , , Canada, , , , 
Tina Kalinovska,  397,  23.34, , , LAT, , , , , , , , LAT, , , , 
Stella Picchedda,  399,  22.88, , , FRA, , , , , , , , France, , , , 
Mila Nyvelt,  400,  22.58, , , AUT, , , , , , , , Austria, , , , 
Sonora Alba,  351,  32.23, , , USA, , , , , , , , United States, , , , 
Tina Schrott,  352,  32.05, , , GER, , , , , , , , Germany, , , , 
Lilja Ros Steinsdottir,  353,  32.03, , , ISL, , , , , , , , Iceland, , , , 
Tosca Corti,  354,  31.97, , , SUI, , , , , , , , Switzerland, , , , 
Emilie Klaussen,  355,  31.95, , , NOR, , , , , , , , Norway, , , , 
Julia Lundberg,  356,  31.73, Burton Snowboards | Smith | , , SWE, Goofy, 169 cm, , , , , , Sweden, , , , 
Dakoda Eising,  357,  31.57, , , CAN, , , , , , , , Canada, , , , 
Karin Hisaoka,  358,  31.47, , , JPN, , , , , , , , Japan, , , , 
Jana Jovanovic,  359,  31.37, , , SRB, , , , , , , , Serbia, , , , 
Vildis Edwinsdottir,  360,  30.78, , , ISL, , , , , , , , Iceland, , , , 
Ingvild Nymoen,  361,  30.48, , , NOR, , , , , , , , Norway, , , , 
Nanami Honda,  362,  30.33, , , JPN, , , , , , , , Japan, , , , 
Saara Handa,  363,  29.93, , , JPN, , , , , , , , Japan, , , , 
Merlin Wyss,  364,  29.86, , , SUI, , , , , , , , Switzerland, , , , 
Gaia Vachet,  365,  29.82, , , ITA, , , , , , , , Italy, , , , 
Lily Dhawornvej,  366,  29.66, , , USA, , , , , , , , United States, , , , 
Lela Rix,  367,  29.52, , , USA, , , , , , , , United States, , , , 
Elizaveta Irhina,  368,  29.15, , , RUS, , , , , , , , Russian Federation, , , , 
Elisa Kroell,  369,  28.89, , , AUT, , , , , , , , Austria, , , , 
Eevastiina Hyry,  370,  28.79, , , FIN, , , , , , , , Finland, , , , 
Leila Viererbe,  371,  28.3, , , GER, , , , , , , , Germany, , , , 
Patricija Ivanovaite,  372,  28.14, , , LTU, , , , , , , , Lithuania, , , , 
Andi Osmond,  372,  28.14, , , CAN, , , , , , , , Canada, , , , 
Kaede Tanaka,  374,  28.07, , , JPN, , , , , , , , Japan, , , , 
Anna Lena Dürr,  375,  27.85, , , SUI, , , , , , , , Switzerland, , , , 
Kinsley White,  376,  27.62, , , USA, , , , , , , , United States, , , , 
Camille Poulat,  377,  26.88, , , FRA, , , , , , , , France, , , , 
Sol Snorradottir,  378,  26.86, , , ISL, , , , , , , , Iceland, , , , 
Rosalie Bauer,  379,  26.67, , , GER, , , , , , , , Germany, , , , 
Clara Moreau,  380,  26.53, , , FRA, , , , , , , , France, , , , 
Elle Valkenborgh,  381,  26.43, , , BEL, , , , , , , , Belgium, , , , 
Page Gordon,  382,  25.99, , , CAN, , , , , , , , Canada, , , , 
Lisa Demke,  383,  25.93, , , SUI, , , , , , , , Switzerland, , , , 
Hiroka Kitano,  384,  25.43, , , JPN, , , , , , , , Japan, , , , 
Tanja Wolf,  385,  25.09, , , AUT, , , , , , , , Austria, , , , 
Iina Saarela,  386,  24.65, , , FIN, , , , , , , , Finland, , , , 
Mak Yen-Linn,  387,  24.47, , , AUT, , , , , , , , Austria, , , , 
Risa Nakasima,  388,  24.38, Deeluxe | Union Bindings | , 2, JPN, Regular, 165, Ko-To-Ku, Breckenridge, ameblo.jp/rissa-men/, https://www.facebook.com/risa.nakashima.73, , Japan, , , , 
Eva Firnesz,  389,  24.08, , , CAN, , , , , , , , Canada, , , , 
Lynne Graf,  390,  24.07, , , SUI, , , , , , , , Switzerland, , , , 
Caitlyn Langer,  391,  24.01, , , USA, , , , , , , , United States, , , , 
Zoe MacGeorge,  392,  23.96, , , SUI, , , , , , , , Switzerland, , , , 
Nora Synnove Topp Oye,  393,  23.93, , , NOR, , , , , , , , Norway, , , , 
Neda Milenkovic,  394,  23.73, , , SRB, , , , , , , , Serbia, , , , 
Gabriella Holden,  395,  23.6, , , USA, , , , , , , , United States, , , , 
Ashley Bogart,  396,  23.43, , , USA, , , , , , , , United States, , , , 
Amy McCarthy,  397,  23.34, , , CAN, , , , , , , , Canada, , , , 
Tina Kalinovska,  397,  23.34, , , LAT, , , , , , , , LAT, , , , 
Stella Picchedda,  399,  22.88, , , FRA, , , , , , , , France, , , , 
Mila Nyvelt,  400,  22.58, , , AUT, , , , , , , , Austria, , , , 
Sonora Alba,  351,  32.23, , , USA, , , , , , , , United States, , , , 
Tina Schrott,  352,  32.05, , , GER, , , , , , , , Germany, , , , 
Lilja Ros Steinsdottir,  353,  32.03, , , ISL, , , , , , , , Iceland, , , , 
Tosca Corti,  354,  31.97, , , SUI, , , , , , , , Switzerland, , , , 
Emilie Klaussen,  355,  31.95, , , NOR, , , , , , , , Norway, , , , 
Julia Lundberg,  356,  31.73, Burton Snowboards | Smith | , , SWE, Goofy, 169 cm, , , , , , Sweden, , , , 
Dakoda Eising,  357,  31.57, , , CAN, , , , , , , , Canada, , , , 
Karin Hisaoka,  358,  31.47, , , JPN, , , , , , , , Japan, , , , 
Jana Jovanovic,  359,  31.37, , , SRB, , , , , , , , Serbia, , , , 
Vildis Edwinsdottir,  360,  30.78, , , ISL, , , , , , , , Iceland, , , , 
Ingvild Nymoen,  361,  30.48, , , NOR, , , , , , , , Norway, , , , 
Nanami Honda,  362,  30.33, , , JPN, , , , , , , , Japan, , , , 
Saara Handa,  363,  29.93, , , JPN, , , , , , , , Japan, , , , 
Merlin Wyss,  364,  29.86, , , SUI, , , , , , , , Switzerland, , , , 
Gaia Vachet,  365,  29.82, , , ITA, , , , , , , , Italy, , , , 
Lily Dhawornvej,  366,  29.66, , , USA, , , , , , , , United States, , , , 
Lela Rix,  367,  29.52, , , USA, , , , , , , , United States, , , , 
Elizaveta Irhina,  368,  29.15, , , RUS, , , , , , , , Russian Federation, , , , 
Elisa Kroell,  369,  28.89, , , AUT, , , , , , , , Austria, , , , 
Eevastiina Hyry,  370,  28.79, , , FIN, , , , , , , , Finland, , , , 
Leila Viererbe,  371,  28.3, , , GER, , , , , , , , Germany, , , , 
Patricija Ivanovaite,  372,  28.14, , , LTU, , , , , , , , Lithuania, , , , 
Andi Osmond,  372,  28.14, , , CAN, , , , , , , , Canada, , , , 
Kaede Tanaka,  374,  28.07, , , JPN, , , , , , , , Japan, , , , 
Anna Lena Dürr,  375,  27.85, , , SUI, , , , , , , , Switzerland, , , , 
Kinsley White,  376,  27.62, , , USA, , , , , , , , United States, , , , 
Camille Poulat,  377,  26.88, , , FRA, , , , , , , , France, , , , 
Sol Snorradottir,  378,  26.86, , , ISL, , , , , , , , Iceland, , , , 
Rosalie Bauer,  379,  26.67, , , GER, , , , , , , , Germany, , , , 
Clara Moreau,  380,  26.53, , , FRA, , , , , , , , France, , , , 
Elle Valkenborgh,  381,  26.43, , , BEL, , , , , , , , Belgium, , , , 
Page Gordon,  382,  25.99, , , CAN, , , , , , , , Canada, , , , 
Lisa Demke,  383,  25.93, , , SUI, , , , , , , , Switzerland, , , , 
Hiroka Kitano,  384,  25.43, , , JPN, , , , , , , , Japan, , , , 
Tanja Wolf,  385,  25.09, , , AUT, , , , , , , , Austria, , , , 
Iina Saarela,  386,  24.65, , , FIN, , , , , , , , Finland, , , , 
Mak Yen-Linn,  387,  24.47, , , AUT, , , , , , , , Austria, , , , 
Risa Nakasima,  388,  24.38, Deeluxe | Union Bindings | , 2, JPN, Regular, 165, Ko-To-Ku, Breckenridge, ameblo.jp/rissa-men/, https://www.facebook.com/risa.nakashima.73, , Japan, , , , 
Eva Firnesz,  389,  24.08, , , CAN, , , , , , , , Canada, , , , 
Lynne Graf,  390,  24.07, , , SUI, , , , , , , , Switzerland, , , , 
Caitlyn Langer,  391,  24.01, , , USA, , , , , , , , United States, , , , 
Zoe MacGeorge,  392,  23.96, , , SUI, , , , , , , , Switzerland, , , , 
Nora Synnove Topp Oye,  393,  23.93, , , NOR, , , , , , , , Norway, , , , 
Neda Milenkovic,  394,  23.73, , , SRB, , , , , , , , Serbia, , , , 
Gabriella Holden,  395,  23.6, , , USA, , , , , , , , United States, , , , 
Ashley Bogart,  396,  23.43, , , USA, , , , , , , , United States, , , , 
Amy McCarthy,  397,  23.34, , , CAN, , , , , , , , Canada, , , , 
Tina Kalinovska,  397,  23.34, , , LAT, , , , , , , , LAT, , , , 
Stella Picchedda,  399,  22.88, , , FRA, , , , , , , , France, , , , 
Mila Nyvelt,  400,  22.58, , , AUT, , , , , , , , Austria, , , , 
